{"guessA":100,"guessB":1,"data":{"has_condition":0.2,"positive_condition":0.7,"positive_no_condition":0.4,"number_of_people":100},"visType":"text","questionN":100,"time":4844.400000059977,"age":10,"gender":"Other","experience":"High","education":"High School"}
{"guessA":1,"guessB":2,"data":{"has_condition":0.1,"positive_condition":0.9,"positive_no_condition":0.3,"number_of_people":100},"visType":"static_interactive","questionN":100,"time":2424.100000062026,"age":2,"gender":"Other","experience":"High","education":"High School"}
{"guessA":1,"guessB":2,"data":{"has_condition":0.2,"positive_condition":0.7,"positive_no_condition":0.4,"number_of_people":100},"visType":"text","questionN":100,"time":2770.799999940209,"age":2,"gender":"Other","experience":"High","education":"High School"}
{"guessA":21,"guessB":3,"data":{"has_condition":0.25,"positive_condition":0.9,"positive_no_condition":0.5,"number_of_people":100},"visType":"static_interactive","questionN":100,"time":5043.999999994412,"age":2,"gender":"Other","experience":"High","education":"High School"}
